id,cover,images
BDA1314-F,BDA1314F.jpg,"[""BDA1314F.jpg""]"
BDA1314-R,BDA1314R.jpg,"[""BDA1314R.jpg""]"
BDA1314-Z,BDA1314Z.jpg,"[""BDA1314Z.jpg""]"
BFC1112,BFC1112.jpg,"[""BFC1112.jpg""]"
BFC1112-B,BFC1112B.jpg,"[""BFC1112B.jpg""]"
BFC1314,BFC1314.jpg,"[""BFC1314.jpg""]"
BFC1516-R,BFC1516R.jpg,"[""BFC1516R.jpg""]"
BFM1112-BK,BFM1112BK.jpg,"[""BFM1112BK.jpg""]"
BFML1314-DG,BFML1314DG.jpg,"[""BFML1314DG.jpg""]"
BFML1314-PK,BFML1314PK.jpg,"[""BFML1314PK.jpg""]"
BFML1314-VA,BFML1314VA.jpg,"[""BFML1314VA.jpg""]"
BFML1314-Z,BFML1314Z.jpg,"[""BFML1314Z.jpg""]"
BFOR15,BFOR15.jpg,"[""BFOR15.jpg""]"
BFRBUB15-B,BFRBUB15B.jpg,"[""BFRBUB15B.jpg""]"
BFTMB13-B,BFTMB13B.jpg,"[""BFTMB13B.jpg""]"
BFTMB13-BK,BFTMB13BK.jpg,"[""BFTMB13BK.jpg""]"
BFTO1112-G,BFTO1112G.jpg,"[""BFTO1112G.jpg""]"
BFTO1516-BK,BFTO1516BK.jpg,"[""BFTO1516BK.jpg""]"
BFVELMB13-P,BFVELMB13P.jpg,"[""BFVELMB13P.jpg""]"
BKBZ17-B,BKBZ17B.jpg,"[""BKBZ17B.jpg""]"
BKBZ17-BK,BKBZ17BK.jpg,"[""BKBZ17BK.jpg""]"
BKFOR,BKFOR.jpg,"[""BKFOR.jpg""]"
BKFRBU15-DARP-B,BKFRBU15DARPB.jpg,"[""BKFRBU15DARPB.jpg""]"
BKLOOP15-DARP-BK,BKLOOP15DARPBK.jpg,"[""BKLOOP15DARPBK.jpg""]"
BKLOOP15-DARPZ,BKLOOP15DARPZ.jpg,"[""BKLOOP15DARPZ.jpg""]"
BKTUG-L-B,BKTUGLB.jpg,"[""BKTUGLB.jpg""]"
BKTUG-L-BK,BKTUGLBK.jpg,"[""BKTUGLBK.jpg""]"
BKTUG-M-BK,BKTUGMBK.jpg,"[""BKTUGMBK.jpg""]"
BLABK-DARP,BLABKDARP.jpg,"[""BLABKDARP.jpg""]"
BSLOOP13-BK,BSLOOP13BK.jpg,"[""BSLOOP13BK.jpg""]"
BSLOOP13-Z,BSLOOP13Z.jpg,"[""BSLOOP13Z.jpg""]"
BSLOOP15-Z,BSLOOP15Z.jpg,"[""BSLOOP15Z.jpg""]"
BSM1314-G,BSM1314G.jpg,"[""BSM1314G.jpg""]"
BSM1314-R,BSM1314R.jpg,"[""BSM1314R.jpg""]"
IPD109PRE-VM,IPD109PREVM.jpg,"[""IPD109PREVM.jpg""]"
IPD109PRE-Y,IPD109PREY.jpg,"[""IPD109PREY.jpg""]"
IPD109UPP-DG,IPD109UPPDG.jpg,"[""IPD109UPPDG.jpg""]"
IPD1121L-SG,IPD1121LSG.jpg,"[""IPD1121LSG.jpg""]"
IPD1121PRE-BK,IPD1121PREBK.jpg,"[""IPD1121PREBK.jpg""]"
IPD1121PRE-P,IPD1121PREP.jpg,"[""IPD1121PREP.jpg""]"
IPD1121PRE-VM,IPD1121PREVM.jpg,"[""IPD1121PREVM.jpg""]"
IPD1121PRE-Y,IPD1121PREY.jpg,"[""IPD1121PREY.jpg""]"
MA-CHUB-ALL-SG,MACHUBALLSG.jpg,"[""MACHUBALLSG.jpg""]"
MA-CHUB-HDMI-SG,MACHUBHDMISG.jpg,"[""MACHUBHDMISG.jpg""]"
MA-CHUB-IPD-SG,MACHUBIPDSG.jpg,"[""MACHUBIPDSG.jpg""]"
MA-CHUB-SD-SG,MACHUBSDSG.jpg,"[""MACHUBSDSG.jpg""]"
MA-CHUB-SG,MACHUBSG.jpg,"[""MACHUBSG.jpg""]"
MA-CHUB-USB-SG,MACHUBUSBSG.jpg,"[""MACHUBUSBSG.jpg""]"
MA-LDCOM-L-GB,MALDCOMLGB.jpg,"[""MALDCOMLGB.jpg""]"
WO3-MB13-BK,WO3MB13BK.jpg,"[""WO3MB13BK.jpg""]"
