id,images
177259,"[""177259.jpg""]"
19020B,"[""19020B.jpg""]"
245724,"[""245724.jpg""]"
265643,"[""265643.jpg""]"
265645,"[""265645.jpg""]"
265879,"[""265879.jpg""]"
265969,"[""265969.jpg""]"
266996,"[""266996.jpg""]"
266999,"[""266999.jpg""]"
267229,"[""267229.jpg""]"
270787,"[""270787.jpg""]"
277936,"[""277936.jpg""]"
280964,"[""280964.jpg""]"
284264,"[""284264.jpg""]"
284268,"[""284268.jpg""]"
284272,"[""284272.jpg""]"
284277,"[""284277.jpg""]"
284287,"[""284287.jpg""]"
284301,"[""284301.jpg""]"
284308,"[""284308.jpg""]"
284344,"[""284344.jpg""]"
284698,"[""284698.jpg""]"
285016,"[""285016.jpg""]"
292767,"[""292767.jpg""]"
293714,"[""293714.jpg""]"
296789,"[""296789.jpg""]"
296791,"[""296791.jpg""]"
304772,"[""304772.jpg""]"
306311,"[""306311.jpg""]"
320103,"[""320103.jpg""]"
320947,"[""320947.jpg""]"
320950,"[""320950.jpg""]"
321589,"[""321589.jpg""]"
321767,"[""321767.jpg""]"
330758,"[""330758.jpg""]"
332909,"[""332909.jpg""]"
343195,"[""343195.jpg""]"
343476,"[""343476.jpg""]"
345729,"[""345729.jpg""]"
347719,"[""347719.jpg""]"
347732,"[""347732.jpg""]"
347735,"[""347735.jpg""]"
352326,"[""352326.jpg""]"
356650,"[""356650.jpg""]"
358796,"[""358796.jpg""]"
364917,"[""364917.jpg""]"
364927,"[""364927.jpg""]"
364929,"[""364929.jpg""]"
365122,"[""365122.jpg""]"
365941,"[""365941.jpg""]"
367208,"[""367208.jpg""]"
367216,"[""367216.jpg""]"
367217,"[""367217.jpg""]"
367794,"[""367794.jpg""]"
368382,"[""368382.jpg""]"
371622,"[""371622.jpg""]"
375357,"[""375357.jpg""]"
376154,"[""376154.jpg""]"
376647,"[""376647.jpg""]"
376820,"[""376820.jpg""]"
377941,"[""377941.jpg""]"
377942,"[""377942.jpg""]"
377943,"[""377943.jpg""]"
377945,"[""377945.jpg""]"
377948,"[""377948.jpg""]"
377949,"[""377949.jpg""]"
377974,"[""377974.jpg""]"
378355,"[""378355.jpg""]"
378357,"[""378357.jpg""]"
378358,"[""378358.jpg""]"
378360,"[""378360.jpg""]"
378363,"[""378363.jpg""]"
378366,"[""378366.jpg""]"
378367,"[""378367.jpg""]"
378369,"[""378369.jpg""]"
378370,"[""378370.jpg""]"
378371,"[""378371.jpg""]"
378372,"[""378372.jpg""]"
378373,"[""378373.jpg""]"
378374,"[""378374.jpg""]"
378376,"[""378376.jpg""]"
378378,"[""378378.jpg""]"
378386,"[""378386.jpg""]"
378389,"[""378389.jpg""]"
378391,"[""378391.jpg""]"
378393,"[""378393.jpg""]"
380160,"[""380160.jpg""]"
382650,"[""382650.jpg""]"
384551,"[""384551.jpg""]"
385228,"[""385228.jpg""]"
385287,"[""385287.jpg""]"
386051,"[""386051.jpg""]"
386052,"[""386052.jpg""]"
386053,"[""386053.jpg""]"
386075,"[""386075.jpg""]"
386238,"[""386238.jpg""]"
386957,"[""386957.jpg""]"
387092,"[""387092.jpg""]"
387361,"[""387361.jpg""]"
388088,"[""388088.jpg""]"
388287,"[""388287.jpg""]"
391781,"[""391781.jpg""]"
392746,"[""392746.jpg""]"
392760,"[""392760.jpg""]"
392769,"[""392769.jpg""]"
392773,"[""392773.jpg""]"
392782,"[""392782.jpg""]"
392808,"[""392808.jpg""]"
392809,"[""392809.jpg""]"
392826,"[""392826.jpg""]"
392833,"[""392833.jpg""]"
393327,"[""393327.jpg""]"
393328,"[""393328.jpg""]"
393332,"[""393332.jpg""]"
393336,"[""393336.jpg""]"
393338,"[""393338.jpg""]"
393342,"[""393342.jpg""]"
393346,"[""393346.jpg""]"
393351,"[""393351.jpg""]"
393377,"[""393377.jpg""]"
394410,"[""394410.jpg""]"
394959,"[""394959.jpg""]"
395301,"[""395301.jpg""]"
397472,"[""397472.jpg""]"
397473,"[""397473.jpg""]"
397475,"[""397475.jpg""]"
397476,"[""397476.jpg""]"
397477,"[""397477.jpg""]"
397495,"[""397495.jpg""]"
397501,"[""397501.jpg""]"
397506,"[""397506.jpg""]"
398000,"[""398000.jpg""]"
398091,"[""398091.jpg""]"
399375,"[""399375.jpg""]"
399397,"[""399397.jpg""]"
400282,"[""400282.jpg""]"
400827,"[""400827.jpg""]"
400829,"[""400829.jpg""]"
401682,"[""401682.jpg""]"
401775,"[""401775.jpg""]"
402508,"[""402508.jpg""]"
402509,"[""402509.jpg""]"
402510,"[""402510.jpg""]"
402511,"[""402511.jpg""]"
402515,"[""402515.jpg""]"
402516,"[""402516.jpg""]"
402518,"[""402518.jpg""]"
402957,"[""402957.jpg""]"
403531,"[""403531.jpg""]"
403532,"[""403532.jpg""]"
403539,"[""403539.jpg""]"
403540,"[""403540.jpg""]"
403547,"[""403547.jpg""]"
403627,"[""403627.jpg""]"
404119,"[""404119.jpg""]"
404126,"[""404126.jpg""]"
404324,"[""404324.jpg""]"
404325,"[""404325.jpg""]"
404326,"[""404326.jpg""]"
404327,"[""404327.jpg""]"
404328,"[""404328.jpg""]"
404907,"[""404907.jpg""]"
404908,"[""404908.jpg""]"
405270,"[""405270.jpg""]"
405518,"[""405518.jpg""]"
405519,"[""405519.jpg""]"
405664,"[""405664.jpg""]"
405797,"[""405797.jpg""]"
405862,"[""405862.jpg""]"
406033,"[""406033.jpg""]"
406035,"[""406035.jpg""]"
406928,"[""406928.jpg""]"
407466,"[""407466.jpg""]"
408641,"[""408641.jpg""]"
408646,"[""408646.jpg""]"
408647,"[""408647.jpg""]"
408649,"[""408649.jpg""]"
408650,"[""408650.jpg""]"
409057,"[""409057.jpg""]"
409058,"[""409058.jpg""]"
409725,"[""409725.jpg""]"
410651,"[""410651.jpg""]"
410652,"[""410652.jpg""]"
410653,"[""410653.jpg""]"
411339,"[""411339.jpg""]"
411340,"[""411340.jpg""]"
411354,"[""411354.jpg""]"
411355,"[""411355.jpg""]"
411359,"[""411359.jpg""]"
411360,"[""411360.jpg""]"
411365,"[""411365.jpg""]"
411457,"[""411457.jpg""]"
411462,"[""411462.jpg""]"
411463,"[""411463.jpg""]"
411464,"[""411464.jpg""]"
411465,"[""411465.jpg""]"
411466,"[""411466.jpg""]"
411467,"[""411467.jpg""]"
411468,"[""411468.jpg""]"
411469,"[""411469.jpg""]"
411509,"[""411509.jpg""]"
412266,"[""412266.jpg""]"
412271,"[""412271.jpg""]"
412276,"[""412276.jpg""]"
412583,"[""412583.jpg""]"
412603,"[""412603.jpg""]"
412605,"[""412605.jpg""]"
412746,"[""412746.jpg""]"
412853,"[""412853.jpg""]"
412854,"[""412854.jpg""]"
412855,"[""412855.jpg""]"
412856,"[""412856.jpg""]"
412859,"[""412859.jpg""]"
412860,"[""412860.jpg""]"
412861,"[""412861.jpg""]"
412863,"[""412863.jpg""]"
412865,"[""412865.jpg""]"
412869,"[""412869.jpg""]"
412909,"[""412909.jpg""]"
412912,"[""412912.jpg""]"
412914,"[""412914.jpg""]"
412916,"[""412916.jpg""]"
412933,"[""412933.jpg""]"
412943,"[""412943.jpg""]"
412956,"[""412956.jpg""]"
412958,"[""412958.jpg""]"
412960,"[""412960.jpg""]"
412961,"[""412961.jpg""]"
412962,"[""412962.jpg""]"
412963,"[""412963.jpg""]"
412964,"[""412964.jpg""]"
412965,"[""412965.jpg""]"
413385,"[""413385.jpg""]"
413618,"[""413618.jpg""]"
413625,"[""413625.jpg""]"
413629,"[""413629.jpg""]"
413632,"[""413632.jpg""]"
413657,"[""413657.jpg""]"
413940,"[""413940.jpg""]"
413946,"[""413946.jpg""]"
413949,"[""413941.jpg""]"
413953,"[""413941.jpg""]"
413961,"[""413961.jpg""]"
414021,"[""414021.jpg""]"
414038,"[""414038.jpg""]"
414040,"[""414040.jpg""]"
414129,"[""414129.jpg""]"
414130,"[""414130.jpg""]"
414135,"[""414135.jpg""]"
415107,"[""415107.jpg""]"
415173,"[""415173.jpg""]"
415175,"[""415175.jpg""]"
415247,"[""415247.jpg""]"
415248,"[""415248.jpg""]"
415323,"[""415323.jpg""]"
415325,"[""415325.jpg""]"
415731,"[""415731.jpg""]"
415842,"[""415842.jpg""]"
415843,"[""415843.jpg""]"
415857,"[""415857.jpg""]"
416212,"[""416212.jpg""]"
416237,"[""416237.jpg""]"
416258,"[""416258.jpg""]"
416259,"[""416259.jpg""]"
416261,"[""416261.jpg""]"
416283,"[""416283.jpg""]"
416284,"[""416284.jpg""]"
416285,"[""416285.jpg""]"
416315,"[""416315.jpg""]"
416514,"[""416514.jpg""]"
416648,"[""416648.jpg""]"
416650,"[""416650.jpg""]"
416651,"[""416651.jpg""]"
416758,"[""416758.jpg""]"
416759,"[""416759.jpg""]"
416760,"[""416760.jpg""]"
417150,"[""417150.jpg""]"
417152,"[""417152.jpg""]"
417153,"[""417153.jpg""]"
417409,"[""417409.jpg""]"
417410,"[""417410.jpg""]"
417411,"[""417411.jpg""]"
417468,"[""417468.jpg""]"
417483,"[""417483.jpg""]"
417507,"[""417507.jpg""]"
417683,"[""417683.jpg""]"
417689,"[""417689.jpg""]"
417691,"[""417691.jpg""]"
417692,"[""417692.jpg""]"
417695,"[""417695.jpg""]"
417696,"[""417696.jpg""]"
417709,"[""417709.jpg""]"
417991,"[""417991.jpg""]"
418655,"[""418655.jpg""]"
418749,"[""418749.jpg""]"
418750,"[""418750.jpg""]"
418751,"[""418751.jpg""]"
418752,"[""418752.jpg""]"
418753,"[""418753.jpg""]"
418754,"[""418754.jpg""]"
419214,"[""419214.jpg""]"
419358,"[""419358.jpg""]"
419361,"[""419361.jpg""]"
419362,"[""419362.jpg""]"
419425,"[""419425.jpg""]"
419484,"[""419484.jpg""]"
419489,"[""419489.jpg""]"
420385,"[""420385.jpg""]"
420386,"[""420386.jpg""]"
420598,"[""420598.jpg""]"
420599,"[""420599.jpg""]"
420740,"[""420740.jpg""]"
420809,"[""420809.jpg""]"
420810,"[""420810.jpg""]"
420833,"[""420833.jpg""]"
420834,"[""420834.jpg""]"
420844,"[""420844.jpg""]"
420845,"[""420845.jpg""]"
420985,"[""420985.jpg""]"
421009,"[""421009.jpg""]"
421019,"[""421019.jpg""]"
421024,"[""421024.jpg""]"
421030,"[""421030.jpg""]"
421031,"[""421031.jpg""]"
421058,"[""421058.jpg""]"
421059,"[""421059.jpg""]"
421090,"[""421090.jpg""]"
421091,"[""421091.jpg""]"
421092,"[""421092.jpg""]"
421095,"[""421095.jpg""]"
421108,"[""421108.jpg""]"
421112,"[""421112.jpg""]"
421113,"[""421113.jpg""]"
421114,"[""421114.jpg""]"
421117,"[""421117.jpg""]"
421118,"[""421118.jpg""]"
421120,"[""421120.jpg""]"
421121,"[""421121.jpg""]"
421187,"[""421187.jpg""]"
421188,"[""421188.jpg""]"
421255,"[""421255.jpg""]"
421282,"[""421282.jpg""]"
421492,"[""421492.jpg""]"
421632,"[""421632.jpg""]"
421634,"[""421634.jpg""]"
421646,"[""421646.jpg""]"
421649,"[""421649.jpg""]"
421650,"[""421650.jpg""]"
421667,"[""421667.jpg""]"
421813,"[""421813.jpg""]"
422013,"[""422013.jpg""]"
422015,"[""422015.jpg""]"
422275,"[""422275.jpg""]"
422395,"[""422395.jpg""]"
422489,"[""422489.jpg""]"
422491,"[""422491.jpg""]"
422492,"[""422492.jpg""]"
422493,"[""422493.jpg""]"
422521,"[""422521.jpg""]"
422524,"[""422524.jpg""]"
422549,"[""422549.jpg""]"
422705,"[""422705.jpg""]"
422706,"[""422706.jpg""]"
422707,"[""422707.jpg""]"
422708,"[""422708.jpg""]"
422712,"[""422712.jpg""]"
422714,"[""422714.jpg""]"
422716,"[""422716.jpg""]"
422754,"[""422754.jpg""]"
422789,"[""422789.jpg""]"
422793,"[""422793.jpg""]"
422817,"[""422817.jpg""]"
422818,"[""422818.jpg""]"
422820,"[""422820.jpg""]"
422821,"[""422821.jpg""]"
422823,"[""422823.jpg""]"
422824,"[""422824.jpg""]"
422836,"[""422836.jpg""]"
422837,"[""422837.jpg""]"
422840,"[""422840.jpg""]"
422876,"[""422876.jpg""]"
423040,"[""423040.jpg""]"
423041,"[""423041.jpg""]"
423042,"[""423042.jpg""]"
423709,"[""423709.jpg""]"
423830,"[""423830.jpg""]"
423831,"[""423831.jpg""]"
423957,"[""423957.jpg""]"
424489,"[""424489.jpg""]"
424490,"[""424490.jpg""]"
424500,"[""424500.jpg""]"
424501,"[""424501.jpg""]"
424505,"[""424505.jpg""]"
424506,"[""424506.jpg""]"
424507,"[""424507.jpg""]"
424509,"[""424509.jpg""]"
424510,"[""424510.jpg""]"
424511,"[""424511.jpg""]"
424532,"[""424532.jpg""]"
424533,"[""424533.jpg""]"
424544,"[""424544.jpg""]"
424546,"[""424546.jpg""]"
424548,"[""424548.jpg""]"
424550,"[""424550.jpg""]"
424551,"[""424551.jpg""]"
424771,"[""424771.jpg""]"
424772,"[""424772.jpg""]"
424773,"[""424773.jpg""]"
424776,"[""424776.jpg""]"
424777,"[""424777.jpg""]"
424870,"[""424870.jpg""]"
424938,"[""424938.jpg""]"
425243,"[""425243.jpg""]"
425244,"[""425244.jpg""]"
678-104-A,"[""678-104-A.jpg""]"
AVI001,"[""AVI001.jpg""]"
AVI002,"[""AVI002.jpg""]"
AVI003,"[""AVI003.jpg""]"
AVI004,"[""AVI004.jpg""]"
CHTO19,"[""CHTO19.jpg""]"
CHTO6,"[""CHTO6.jpg""]"
HG235A -A,"[""HG235A -A.jpg""]"
KRS-F-6,"[""KRS-F-6.jpg""]"
NATLOXY,"[""NATLOXY.jpg"",""NATLOXY-1.jpg"",""NATLOXY-2.jpg"",""NATLOXY-3.jpg"",""NATLOXY-4.jpg""]"
PC1075,"[""PC1075.jpg""]"
PC2120,"[""PC2120.jpg""]"
SC9802M,"[""SC9802M.jpg""]"
SCF922,"[""SCF922.jpg""]"
TIJ1409,"[""TIJ1409.jpg""]"
TOY002,"[""TOY002.jpg""]"
TWLAS,"[""TWLAS.jpg""]"
ZEP010,"[""ZEP010.jpg""]"
405138,"[""405138.jpg"",""405138-1jpg""]"
405140,"[""405140.jpg"",""405140-1jpg""]"
405146,"[""405146.jpg"",""405146-1jpg""]"
405149,"[""405149.jpg"",""405149-1jpg""]"
405154,"[""405154.jpg"",""405154-1jpg""]"
405155,"[""405155.jpg"",""405155-1jpg""]"
405156,"[""405156.jpg"",""405156-1jpg""]"
405162,"[""405162.jpg"",""405162-1jpg""]"
405190,"[""405190.jpg"",""405190-1jpg""]"
405193,"[""405193.jpg"",""405193-1jpg""]"
405194,"[""405194.jpg"",""405194-1jpg""]"
405216,"[""405216.jpg"",""405216-1jpg""]"
410567,"[""410567.jpg""]"
SBFM02,"[""SBFM02.jpg"",""SBFM02-1.jpg"",""SBFM02-2.jpg"",""SBFM02-3.jpg"",""SBFM02-4.jpg""]"
